user_id,id,rating
2,9943,10
2,9665,6
2,6769,9
2,7249,7
2,8400,6
2,7644,6
2,7519,7
2,4614,9
2,3688,10
2,3529,7
2,4702,10
2,7590,7
2,3080,6
2,1645,8
2,2415,7
2,8214,9
2,3622,9
2,1250,7
2,5113,7
2,8283,10
2,5317,6
3,8432,6
3,5544,7
3,2969,10
3,79,7
3,6066,9
3,5317,7
3,6467,10
3,5033,7
3,2199,6
3,5509,6
3,2992,6
3,9864,9
3,3688,9
3,211,9
3,6917,7
3,8485,7
3,9943,8
3,2415,10
4,2969,7
4,5969,8
4,9903,9
4,9976,7
4,5317,5
4,6969,7
4,3068,8
4,3297,10
4,1730,9
4,8241,8
4,9027,9
4,3688,9
4,6782,7
4,6474,10
4,4977,9
4,4504,8
4,5723,10
4,9943,5
4,1799,7
4,6949,8
4,9636,10
4,4614,8
4,8485,8
4,2249,10
4,8329,5
4,5544,6
4,8097,10
4,1801,10
4,4348,6
4,9327,7
4,947,4
4,1172,4
4,445,10
4,4700,4
5,9017,9
5,3230,8
5,3411,8
5,8683,10
5,3622,6
5,8645,6
5,7201,10
5,7385,8
5,7590,9
5,3635,8
5,214,6
5,7797,9
5,9057,9
5,9943,10
5,10034,7
5,5317,10
5,9370,6
5,2415,10
5,5394,6
6,9017,8
6,8235,5
6,3688,8
6,7987,9
6,1475,7
6,9027,5
6,4634,10
6,1801,10
6,7201,10
6,7242,7
6,9345,7
6,8773,5
6,9242,7
6,9046,8
6,3478,10
6,7220,8
6,9965,10
6,5780,6
6,3622,10
6,9392,6
6,1645,7
6,3652,10
6,6132,9
6,9315,10
7,5317,5
7,1764,4
7,6769,7
7,8485,7
7,9327,9
7,4397,8
7,3527,8
7,8097,9
7,5073,6
7,8683,5
7,1645,5
7,3752,10
7,7318,8
7,3554,7
7,1605,8
7,7590,5
7,2808,6
7,3688,4
7,4348,10
7,8581,7
7,9956,9
7,9903,5
7,1801,10
7,4577,7
7,3423,9
7,9017,7
7,10163,7
7,9027,7
7,7249,5
7,9392,10
7,8050,6
7,2105,4
7,9015,4
8,2757,6
8,10140,5
8,2876,7
8,6104,9
8,214,4
8,79,8
8,4214,5
8,7987,7
8,445,9
8,5317,4
8,4036,7
8,5033,9
8,6827,8
8,7201,6
8,6142,6
8,3088,5
8,8485,10
8,9017,4
8,3463,5
8,10163,10
8,9027,9
8,7721,6
8,8097,10
8,850,7
8,3688,7
8,3411,5
8,9242,6
8,2415,5
8,5073,8
8,8080,7
8,3529,7
8,3458,6
8,8283,8
8,7385,8
9,5317,5
9,1842,7
9,7318,7
9,2151,7
9,3297,9
9,7061,6
9,3747,9
9,7987,10
9,3752,9
9,9558,7
9,9017,9
9,2679,9
9,9693,8
9,102,7
9,8097,7
9,3357,5
9,9884,8
9,2210,10
9,8403,8
9,1605,7
9,5433,6
9,10163,9
9,9129,10
9,8485,5
9,6496,10
9,4702,10
9,7385,6
9,6132,9
10,3688,9
10,1899,9
10,9943,10
10,3752,10
10,2415,8
10,4702,6
10,6066,8
10,8329,8
10,9392,9
10,816,6
10,7987,9
10,8504,6
10,5317,9
10,9548,6
10,8485,9
10,5541,9
10,4214,10
11,7407,10
11,9956,9
11,3752,8
11,5804,9
11,8673,8
11,6827,10
11,3369,10
11,9345,7
11,8485,7
12,3752,7
12,8382,9
12,4175,7
12,1250,10
12,7385,7
12,9392,10
12,7721,7
12,7249,8
12,32,7
12,7590,9
13,5437,9
13,9379,7
13,3688,6
13,9943,7
13,7105,10
13,8485,7
13,349,6
13,5972,6
13,3622,10
13,8403,7
13,5317,6
13,1685,10
13,8673,7
13,1605,8
13,2831,10
13,7455,9
13,7249,6
13,3249,6
13,8203,6
13,6132,9
13,2415,8
13,9017,10
14,3688,8
14,4348,10
14,9017,7
14,7974,10
14,1047,9
14,3289,7
14,5544,10
14,3009,10
14,5582,8
14,292,9
14,3529,7
14,3752,7
14,9071,10
15,2415,6
15,1645,7
15,2679,10
15,9943,6
15,5317,6
15,8329,8
15,8485,8
15,1250,8
15,2320,5
15,7881,10
15,432,10
15,7201,10
15,947,7
15,9015,8
15,9327,5
15,9392,8
15,9694,8
15,3529,6
15,1605,10
15,5004,7
15,3622,10
15,7318,7
15,3068,9
15,5003,10
15,8683,7
15,1727,7
16,7249,10
16,9027,8
16,5780,8
16,6827,6
16,1605,6
16,2757,6
16,3622,8
16,2808,7
16,3068,7
16,4348,8
16,7590,6
16,6474,10
16,10163,8
16,5433,9
16,7455,6
16,3297,10
17,9345,10
17,3688,8
17,9327,7
17,2757,10
17,3411,6
17,7721,8
17,6566,7
17,9392,10
17,5317,10
17,2969,10
17,3622,8
17,7318,6
17,6769,9
17,9022,6
17,1176,6
17,5751,10
17,3529,10
17,8329,10
17,8683,9
18,573,8
18,6132,8
18,7220,9
18,3529,7
18,4504,10
18,9327,7
18,9903,6
18,5509,10
18,8673,7
18,5582,10
18,1940,6
18,1605,10
18,5544,8
18,5437,9
18,1645,8
18,8308,8
18,7987,10
18,5317,8
18,9123,9
18,4614,9
18,3622,9
18,8006,10
19,6769,5
19,2559,5
19,4572,9
19,8097,7
19,7515,7
19,173,5
19,7455,10
19,9392,5
19,8485,7
19,3411,10
19,5036,7
19,9121,8
19,7590,5
19,3509,8
19,8203,10
19,5073,9
19,9073,7
19,10161,10
19,9015,9
19,8308,7
19,2969,8
19,7249,9
19,9914,9
19,460,5
19,5317,8
19,947,10
20,6066,8
20,776,8
20,8485,7
20,9015,10
20,7061,10
20,9345,5
20,9027,7
20,9327,8
20,6769,6
20,8673,5
20,1801,9
20,5317,8
20,3688,10
20,432,9
20,9572,9
20,6827,10
20,1645,8
20,1799,5
20,8683,7
20,452,9
20,3411,10
20,977,10
20,6132,8
20,8050,6
20,1251,6
20,4032,9
20,10163,5
20,2759,7
21,3411,8
21,3297,6
21,1152,10
21,3752,9
21,3688,8
21,2199,9
21,1779,5
21,10163,5
21,5317,10
21,5073,10
21,9392,5
21,7249,8
21,3371,7
21,8673,4
21,7590,7
21,780,9
21,8097,10
21,8683,9
21,2415,5
21,1799,7
21,1645,9
21,9431,8
21,1250,4
21,2726,8
21,2969,7
21,3747,10
21,1801,6
21,8331,8
21,5972,6
21,5433,10
21,8283,6
21,2757,10
21,1984,9
21,9017,7
21,8485,10
21,8004,4
21,8743,4
22,1448,9
22,3622,6
22,9392,8
22,9563,10
22,9027,5
22,2266,6
22,10042,8
22,8485,7
22,4700,6
22,5073,10
22,3035,10
22,1082,6
22,3609,8
22,9327,10
22,7249,9
22,4614,6
22,1172,5
22,8097,10
22,2969,5
22,9636,9
22,3688,8
22,4435,10
22,7451,6
22,2808,10
22,8412,7
22,5869,5
22,5317,5
22,1582,8
22,10034,5
22,432,10
23,10163,9
23,3752,8
23,1801,9
23,1619,10
23,8097,8
23,2831,7
23,3688,10
23,4614,10
23,4348,9
24,3529,7
24,4348,9
24,2969,10
24,5317,5
24,3277,6
24,1801,7
24,622,9
24,1802,7
24,173,10
24,5544,10
24,5643,6
24,8403,8
24,5113,10
24,2741,8
24,1605,10
24,776,10
24,3411,8
24,7987,9
24,7385,6
24,8485,7
24,7922,6
24,4850,10
24,1645,9
24,9392,10
24,7318,6
24,9015,9
24,3752,7
24,5911,6
24,9017,9
24,5681,10
25,8485,7
25,6039,8
25,3232,8
25,3752,10
25,4850,7
25,8683,9
25,3688,9
25,4397,10
26,4634,9
26,7695,6
26,1605,9
26,5113,6
26,2674,7
26,3297,6
26,9027,10
26,7987,6
26,5073,7
26,4032,10
26,7881,8
26,7721,9
26,9017,6
26,7752,7
26,1645,8
26,10140,8
26,5317,10
26,4144,9
26,3752,10
26,3542,10
27,3622,9
27,9017,7
27,3529,5
27,3688,8
27,1605,5
27,7721,6
27,9431,9
27,947,9
27,8485,10
27,2851,5
27,8295,5
27,573,8
27,1801,6
27,4614,7
27,2415,5
27,9345,5
27,4064,6
27,8097,8
27,3297,5
27,1799,5
27,9015,5
27,9027,7
27,3007,9
27,5541,8
28,10163,8
28,1053,10
28,9447,7
28,4288,5
28,6769,8
28,8683,6
28,259,10
28,1193,7
28,2777,10
28,257,6
28,3752,5
28,3688,7
28,7721,6
28,9027,9
28,5605,8
28,932,7
28,7674,8
28,8329,7
28,5317,7
28,7987,5
28,9355,8
28,6969,6
28,6467,7
28,5624,7
28,7318,9
28,9015,5
28,4464,8
29,6449,10
29,4121,5
29,7519,10
29,3504,7
29,8485,10
29,4504,5
29,1645,8
29,9017,7
29,6913,8
29,2808,6
29,1475,8
29,9345,8
29,7426,5
29,5317,7
29,3423,7
29,9709,9
29,9636,8
29,8743,8
29,65,7
29,1250,5
29,7399,10
29,52,9
29,7987,7
29,5433,5
30,9431,6
30,7590,8
30,6066,8
30,5317,8
30,6746,5
30,1605,8
30,9027,5
30,9327,6
30,9345,8
30,4700,9
30,4614,5
30,8050,7
30,6474,9
30,5509,6
30,2757,5
30,3411,5
30,5020,5
30,1554,10
30,10034,8
30,8097,9
30,79,10
30,5073,5
30,7455,7
31,9914,8
31,4537,9
31,4504,10
31,6474,8
31,9015,7
31,3423,8
31,8683,8
31,2765,9
31,8485,10
31,9345,9
31,7372,10
31,3688,9
32,4702,9
32,5582,9
32,4700,9
32,3855,8
32,8683,8
32,3688,7
32,9943,6
32,8790,7
32,9027,10
32,5033,8
32,1645,8
32,8485,8
32,3463,7
32,7590,9
32,1475,6
32,5036,9
32,4634,8
33,10163,8
33,8485,9
33,565,9
33,5073,9
33,3211,6
33,7318,5
33,8283,7
33,5317,7
33,1894,9
33,5433,8
33,3752,5
33,9027,10
33,7061,7
33,3154,5
33,4134,9
33,3688,10
33,7987,9
33,7385,5
33,7189,7
33,5544,6
33,4168,5
33,6132,7
33,3686,9
33,6031,7
33,2969,7
33,8214,7
33,3423,6
33,4397,7
33,640,9
34,8097,9
34,8485,6
34,6769,6
34,9345,9
34,947,10
34,8203,9
34,6132,6
34,6038,7
34,2415,8
34,8725,8
34,3529,7
34,2757,9
34,7987,9
34,1073,10
34,4348,7
34,4504,8
34,5317,4
34,2679,9
34,4397,6
34,9943,4
34,9123,8
34,3411,7
34,6948,7
34,551,5
34,1645,5
34,7385,10
34,9914,10
34,4702,5
34,5509,6
34,9017,5
34,9903,10
34,5073,10
34,8683,8
34,456,8
34,3090,7
34,2122,7
34,4457,6
35,2969,7
35,79,6
35,2139,10
35,4614,7
35,9436,9
35,604,7
35,4032,4
35,2831,8
35,2199,6
35,5073,8
35,4700,7
35,10034,8
35,10163,4
35,9146,10
35,5544,9
35,7987,6
35,9910,5
35,8485,4
35,6066,7
35,1801,7
35,9956,9
35,3411,8
35,9015,8
35,2757,9
35,1799,4
35,6132,9
35,9027,9
35,8683,9
35,9189,10
35,3688,9
35,1605,9
35,7519,4
35,2049,6
35,8203,9
35,5317,6
35,6569,5
36,9345,7
36,1645,10
36,1799,8
36,6827,6
36,2674,6
36,8485,10
36,8329,10
36,4614,10
36,2969,7
36,3897,10
36,5433,9
36,9027,10
36,5544,9
36,7819,10
36,3411,6
36,1605,8
36,5317,6
36,9943,8
37,2828,7
37,9406,9
37,8725,8
37,10163,10
37,1645,6
37,9017,10
37,5433,7
37,734,9
37,9027,7
37,6589,6
37,5901,8
37,10140,6
37,780,9
37,8283,8
37,3297,8
37,4184,6
37,432,5
37,1250,6
37,6769,6
37,3688,7
37,404,8
37,5073,5
37,2199,10
37,10034,10
37,5317,6
37,10048,9
38,8683,10
38,3411,8
38,776,8
38,7987,9
38,7201,10
38,5317,7
38,9636,7
38,1250,9
39,8485,10
39,8683,7
39,10140,10
39,9636,9
39,9437,10
39,2808,9
39,2679,6
39,8050,10
39,9345,10
39,8725,10
39,8283,9
39,1605,6
39,5317,7
39,3411,8
39,432,7
40,8725,9
40,6066,7
40,6769,8
40,8683,8
40,1801,8
40,1475,6
40,1250,6
40,5317,6
40,8485,6
40,3738,9
40,9943,7
40,4614,10
40,4214,6
40,3297,7
40,9636,7
40,8467,7
41,9636,6
41,485,10
41,10098,7
41,5317,5
41,2415,6
41,8485,10
41,10140,5
41,9017,9
41,5140,9
41,2969,8
41,6105,9
41,7385,10
41,10034,9
41,7455,6
41,9665,6
41,5509,9
41,6715,10
41,5433,7
41,9943,8
41,7969,10
41,1899,6
41,3529,7
41,6769,6
41,6949,9
41,9392,10
41,4614,8
41,5370,5
42,2679,6
42,3688,9
42,9027,9
42,8485,6
42,9376,10
42,9498,5
42,7201,8
42,4348,8
42,7590,8
42,9910,4
42,3752,8
42,2969,6
42,2442,9
42,5073,6
42,9392,4
42,947,6
42,2415,7
42,1087,5
42,776,9
42,5317,7
42,9636,8
42,368,9
42,8331,5
42,9327,10
42,5541,4
42,9345,5
42,2757,6
42,9213,8
42,9017,5
42,3463,6
42,5249,4
42,10163,4
42,3609,9
42,8283,7
42,4032,10
43,8683,7
43,186,7
43,4397,10
43,4504,8
43,8329,9
43,3411,9
43,9185,7
43,6142,7
44,10163,7
44,79,7
44,3622,9
44,6324,8
44,5541,8
44,1587,10
44,8382,7
44,3688,10
44,102,7
44,3529,10
44,7987,10
44,2969,8
45,9327,10
45,8683,5
45,3529,10
45,6982,9
45,3688,4
45,2969,5
45,1416,5
45,7590,4
45,9491,7
45,6222,7
45,7928,9
45,10001,7
45,3411,6
45,6769,9
45,8329,7
45,8097,7
45,2249,8
45,8283,4
45,9345,4
45,2415,4
45,1047,6
45,2679,6
45,5317,6
45,1645,7
45,2294,8
45,9027,4
45,5509,5
45,3752,10
45,3509,10
45,5357,8
45,9155,7
45,1605,9
45,7968,7
45,4199,10
46,6769,7
46,10161,8
46,6142,7
46,9113,7
46,8683,9
46,8329,7
46,3622,10
46,1645,9
47,9943,6
47,9345,4
47,5073,9
47,2969,10
47,7590,10
47,348,8
47,9027,8
47,5317,10
47,3688,6
47,9017,8
47,4614,4
47,6132,4
47,5464,10
47,79,9
47,5509,9
47,7318,9
47,8329,9
47,7249,4
47,10140,9
47,7385,7
47,9548,10
47,3752,4
47,1801,10
47,6769,8
47,9327,9
47,7665,8
47,6285,4
47,1645,10
47,1475,4
47,5033,7
47,9903,9
47,368,7
47,3411,5
48,5433,7
48,10163,7
48,8485,6
48,1475,9
48,3688,6
48,10034,10
48,5437,9
48,5073,8
48,3752,8
48,10140,8
48,6568,4
48,5317,7
48,9027,9
48,3458,7
48,2679,4
48,4002,6
48,9345,4
48,4199,10
48,9943,9
48,2199,4
48,4397,6
48,8382,7
48,4614,5
48,3297,9
48,6949,5
48,4973,9
48,9015,4
48,7590,7
48,4032,9
48,445,7
48,1645,6
48,4700,8
48,347,7
48,19,5
48,7318,6
48,1009,7
48,9327,5
48,7201,9
49,3688,9
49,3068,10
49,6827,8
49,8130,7
49,776,9
49,3137,9
49,2831,7
49,9015,7
49,1349,7
49,7987,10
49,5408,10
49,5317,7
49,8958,9
49,9327,10
49,780,10
49,7249,6
49,9345,9
49,10163,8
49,8283,7
49,349,7
50,3589,9
50,663,10
50,8452,10
50,4850,8
50,5348,7
50,9549,8
50,1639,8
50,855,6
50,940,8
50,4652,5
50,8421,7
50,4702,10
50,4614,5
50,3658,10
50,9315,5
50,4654,6
50,6871,5
50,3110,10
50,7502,6
50,9757,9
50,8041,8
50,7854,5
50,2598,8
50,8152,9
50,8360,6
50,8159,9
50,7093,9
50,6041,9
50,8665,6
50,363,10
51,6776,5
51,2784,8
51,3168,10
51,1426,8
51,3592,5
51,1370,9
51,1167,7
51,5925,6
51,8050,8
51,5590,8
51,3463,8
51,1242,6
51,4395,5
51,32,5
51,9757,8
51,1797,9
51,1568,9
51,5336,10
51,8718,7
51,102,10
51,10029,10
51,4535,10
51,5648,5
51,5002,10
51,318,7
52,1926,8
52,3411,5
52,573,10
52,2443,9
52,9569,4
52,7061,9
52,7152,10
52,8005,5
52,9438,8
52,9611,10
52,4634,4
52,3536,8
52,9693,8
52,5487,6
52,8939,6
52,7360,5
52,7415,8
52,8002,4
52,2459,7
52,4881,9
52,2065,10
52,10148,4
52,1357,7
52,9359,5
52,785,4
52,8857,6
52,6675,6
52,3622,6
52,2887,6
52,1390,10
52,3463,6
52,7201,10
52,2199,10
52,1899,8
52,8917,4
53,7061,5
53,4054,7
53,2955,9
53,6139,8
53,2144,10
53,9560,10
53,8791,10
53,9157,5
53,55,7
53,4237,6
53,5891,5
53,7341,5
53,8444,9
53,3801,9
53,541,9
53,9903,9
53,6644,7
53,3890,9
53,7188,5
53,8927,6
53,1551,10
53,990,7
53,8320,5
53,1141,7
53,776,10
53,6732,7
53,722,9
53,4844,7
53,4089,8
54,2608,10
54,131,8
54,2206,6
54,7559,10
54,10175,8
54,5582,8
54,4032,9
54,8341,7
54,3262,8
54,3215,10
54,1720,6
54,2352,10
54,10124,8
54,10138,7
54,564,7
55,1907,5
55,4399,7
55,3131,7
55,3143,9
55,1172,6
55,2831,7
55,4677,7
55,9238,8
55,4397,10
55,2679,9
55,489,8
55,1163,6
55,8654,9
55,4303,8
55,5377,9
55,9936,5
55,6827,5
55,9182,7
55,2160,5
55,4348,10
55,8971,5
55,4246,5
55,9480,10
55,3281,8
55,3238,10
55,4385,10
55,9494,5
55,2593,8
55,5379,10
55,4805,7
55,6092,5
56,9273,9
56,710,8
56,7315,9
56,9416,8
56,4769,10
56,2915,7
56,9903,8
56,8909,7
56,2378,10
56,8861,8
57,1390,9
57,3758,8
57,4702,9
57,6517,6
57,9900,8
57,6845,6
57,6298,6
57,9691,7
57,9956,8
57,8050,7
57,1815,6
57,5591,8
57,2249,7
57,10096,10
57,7868,9
58,4397,8
58,9620,9
58,7514,8
58,6093,5
58,7817,10
58,6750,7
58,4617,9
58,3232,7
58,2203,5
58,10021,9
58,3376,8
58,6849,6
58,9309,5
58,9611,10
58,2397,5
58,713,7
58,4821,9
58,4634,10
58,5111,9
58,9000,8
58,7345,7
58,8523,5
58,8675,6
58,6713,8
58,733,7
58,2527,5
58,4980,7
58,8069,5
58,4554,9
59,4691,8
59,9239,8
59,4501,8
59,659,8
59,9472,9
59,1813,9
59,5977,7
59,353,7
59,8008,8
59,3951,9
59,714,7
60,10140,7
60,7844,8
60,7318,9
60,5509,7
60,5541,7
60,7302,8
60,3502,9
60,9192,8
60,9351,10
61,7478,8
61,833,10
61,7400,9
61,2436,7
61,9421,9
61,5572,7
61,2071,10
61,5923,7
62,3648,8
62,4199,9
62,5867,9
62,7692,9
62,7885,10
62,102,8
62,10037,10
62,9520,7
62,6566,8
62,3956,6
62,9862,10
62,9577,7
62,6689,9
62,4274,7
62,3696,8
62,3274,6
62,5127,9
62,4566,9
62,62,5
62,6290,6
62,3598,8
62,5628,8
62,1643,6
62,7784,7
62,7986,6
62,7318,5
63,5379,9
63,1749,9
63,4348,7
63,2757,7
63,1981,7
63,3777,6
63,6131,10
63,2997,9
63,3965,7
63,3583,8
63,8543,6
63,10034,7
63,9123,10
63,3712,10
63,1868,9
64,8325,7
64,1978,8
64,9288,5
64,6349,9
64,1747,10
64,9956,9
64,9537,7
64,8644,9
64,349,6
64,9236,9
64,4199,5
64,8091,7
64,10006,6
64,1299,8
64,5951,6
64,4348,7
64,2082,9
64,1961,8
64,9894,6
64,152,10
64,3619,10
64,517,8
64,1047,5
64,958,6
64,9459,7
64,8382,5
64,3893,5
64,6923,8
64,2297,6
64,9106,5
64,9015,7
65,5860,8
65,7071,6
65,7819,7
65,2758,10
65,4641,10
65,5062,6
65,4299,10
65,9086,7
65,8522,7
65,6138,7
65,2896,7
65,5201,6
65,9241,7
65,3463,7
65,1947,7
65,1367,9
65,10041,6
65,7857,9
65,7895,6
65,5113,6
66,8409,8
66,795,7
66,4634,8
66,8641,6
66,3868,6
66,5751,10
66,4336,7
66,7647,7
66,79,7
66,6314,8
66,7530,7
66,1569,7
66,1993,8
66,1072,8
66,1609,7
66,2695,10
66,9956,7
66,4443,8
66,9903,6
66,2403,6
66,3339,9
67,5558,10
67,1465,9
67,3583,9
67,6827,8
67,10157,10
67,10099,8
67,8403,4
67,2249,5
67,8203,5
67,1250,10
67,6239,9
67,5047,6
67,7741,4
67,8117,9
67,396,8
67,1203,5
67,763,7
67,5254,9
67,4584,10
67,773,8
67,3732,8
67,5033,9
67,261,9
67,8673,4
67,4352,10
67,6066,10
67,4737,4
67,7100,7
67,93,9
67,407,8
67,7455,7
67,3204,6
67,3297,4
67,2199,6
67,6226,7
67,3825,7
67,3673,8
68,852,8
68,4630,7
68,3754,6
68,1873,6
68,8005,10
68,947,9
68,3323,10
68,2332,7
68,9914,8
68,5567,9
68,1679,9
68,5582,7
68,922,6
68,2938,10
68,2691,10
68,7309,6
68,4864,9
68,2808,8
68,7967,8
68,6778,8
68,4702,6
68,2476,6
69,2770,9
69,2423,9
69,9956,7
69,1894,6
69,9236,9
69,1280,7
69,7749,8
69,8648,7
69,432,6
69,3768,7
69,4584,8
69,6183,8
69,1454,10
69,10119,7
70,3580,8
70,9903,7
70,1024,4
70,1550,10
70,5700,7
70,5308,4
70,5036,5
70,9384,9
70,1790,4
70,2949,7
70,1837,8
70,7858,4
70,7596,5
70,7523,7
70,3588,4
70,7260,5
70,7318,6
70,7736,9
70,6532,10
70,6142,10
70,8883,4
70,7385,5
70,2081,6
70,4699,7
70,5914,6
70,8471,9
70,5136,10
70,1232,6
70,1475,8
70,1018,8
70,2689,9
70,9086,4
70,6908,10
70,356,7
70,229,4
70,4606,4
70,9380,8
71,6957,10
71,5434,6
71,8081,8
71,9993,10
71,3468,10
71,5582,8
71,2479,9
71,9632,10
71,189,6
71,5665,8
71,1710,6
71,67,7
71,9517,10
71,6668,8
71,7692,8
71,8363,8
71,435,6
71,701,6
71,1154,10
71,355,7
71,10098,6
71,5437,6
72,6855,8
72,1027,8
72,7602,10
72,7061,9
72,4883,9
72,9956,10
72,5500,10
72,1942,9
72,6510,9
72,541,7
73,2894,6
73,5424,10
73,6171,9
73,5091,8
73,5075,10
73,9636,5
73,4634,7
73,5333,7
73,8601,9
73,9107,9
73,947,10
73,7586,9
73,5291,9
73,6844,7
73,7775,7
73,4372,7
73,77,7
73,3755,10
73,698,8
73,65,9
73,1045,7
73,2539,6
73,4799,5
73,9626,7
73,9493,10
73,7624,8
73,4075,8
73,8917,10
74,148,10
74,1006,9
74,5033,7
74,5352,8
74,4481,8
74,5759,7
74,1983,9
74,7483,8
74,7201,5
74,3369,9
74,9271,7
74,160,9
74,4348,8
74,1485,7
74,3993,8
74,4194,7
74,3424,10
74,7058,9
74,1853,9
74,9869,8
74,5582,5
74,1604,7
74,9248,8
74,1799,6
74,373,7
74,5826,8
74,1620,8
74,8646,6
74,8203,6
75,6821,9
75,2757,9
75,1995,9
75,3223,8
75,1037,6
75,8520,8
75,1993,6
75,2502,6
75,4010,10
75,9928,8
75,9396,10
75,4083,7
75,9764,6
75,9112,10
75,4277,6
75,4069,9
75,3571,10
75,7242,10
75,8403,10
76,154,9
76,6519,10
76,2346,8
76,8022,9
76,1328,9
76,9712,10
76,982,10
76,2734,8
76,3423,9
76,7032,6
76,7390,10
76,3013,10
76,9272,6
76,4368,8
76,6304,10
76,6546,7
76,10133,10
76,9690,6
76,5494,8
76,8743,7
77,4185,9
77,10166,9
77,5124,8
77,3212,8
77,7698,10
77,1719,8
77,4634,10
77,7061,10
77,1250,9
77,6959,7
77,6483,7
78,2831,5
78,2212,10
78,1746,8
78,8886,7
78,4348,10
78,3717,10
78,5443,8
78,10176,7
78,2347,6
78,9914,8
78,6474,7
78,9371,7
78,7980,10
78,5016,5
78,4376,10
78,5174,7
78,3297,5
78,7359,7
78,8331,5
78,2144,9
78,3068,6
78,6990,10
78,7665,6
78,9895,6
78,715,8
78,8896,6
78,8676,5
78,4954,9
78,8403,10
79,6260,9
79,1902,8
79,995,4
79,10134,6
79,776,6
79,8966,10
79,3297,9
79,7490,7
79,358,5
79,1299,7
79,3359,10
79,2978,4
79,8382,8
79,2885,9
79,432,7
79,2687,7
79,2135,6
79,79,6
79,1677,10
79,4037,5
79,6955,6
79,6549,10
79,4080,4
79,1084,5
79,4790,9
79,6922,9
79,8683,9
79,6051,10
79,8176,10
79,3463,6
79,3970,7
79,9703,8
79,7480,5
79,8931,6
79,9015,9
79,3344,10
79,3566,7
79,3032,9
80,3699,8
80,2014,4
80,7489,10
80,8005,9
80,3132,7
80,7817,8
80,9581,4
80,9538,9
80,10140,8
80,3066,8
80,1281,10
80,1305,4
80,5317,7
80,6383,9
80,551,6
80,4106,5
80,1630,9
80,2973,7
80,5858,4
80,174,10
80,2309,10
80,9927,7
80,8227,7
80,5096,9
80,1349,6
80,250,9
80,4740,7
80,7519,7
80,8545,6
80,2059,10
80,9015,5
80,2905,6
80,8707,5
80,9936,6
80,3592,5
81,8050,6
81,5015,9
81,918,10
81,4850,9
81,1799,8
81,1422,6
81,173,8
81,8086,10
81,1178,10
81,9034,6
81,1163,10
81,1379,10
81,3605,10
81,10170,8
81,400,9
81,4531,9
81,2819,8
81,9447,9
81,1294,6
81,8744,10
82,5867,8
82,874,8
82,4184,10
82,9571,4
82,7792,9
82,4576,4
82,3332,6
82,1848,7
82,5188,9
82,5203,6
82,5202,5
82,5674,8
82,7246,9
82,6095,9
82,3766,4
82,8834,9
82,9771,9
82,3598,5
82,7987,6
82,8273,7
82,9686,8
82,10140,5
82,8074,8
82,5013,8
82,4595,5
82,10148,4
82,264,10
82,5745,5
82,8691,9
82,8715,10
82,1942,10
82,2132,5
82,6909,9
82,9624,9
82,9873,4
83,7205,10
83,6568,7
83,1793,6
83,9792,9
83,8985,10
83,5737,6
83,7229,9
83,8441,8
83,9323,7
83,9341,10
83,1293,7
83,79,6
83,9144,6
83,9193,10
83,8696,10
83,6949,6
83,4206,10
83,2992,8
83,4621,9
83,1819,7
84,8790,7
84,6892,10
84,8615,10
84,7220,10
84,6952,9
84,8511,10
84,9251,8
84,6975,8
84,6227,9
85,5786,8
85,8331,8
85,3610,5
85,1316,7
85,8403,4
85,8673,9
85,3297,7
85,4080,9
85,9610,4
85,4504,7
85,4633,7
85,8598,7
85,2848,6
85,7280,9
85,3056,4
85,10140,9
85,985,7
85,3576,9
85,2380,4
85,972,4
85,1971,4
85,6949,5
85,7171,10
85,93,4
85,1023,7
85,9943,7
85,5544,8
85,9197,5
85,7995,5
85,896,5
85,9553,10
85,4199,8
85,881,7
85,9229,4
85,6038,10
85,4914,9
85,8320,4
86,4986,8
86,2608,5
86,5433,5
86,355,9
86,7840,7
86,9992,7
86,6520,6
86,526,5
86,1799,5
86,2425,5
86,7061,9
86,9914,8
86,468,9
86,3957,8
86,6827,10
86,3463,7
86,1091,8
86,5378,5
86,7511,9
86,9877,5
86,2952,8
86,2761,6
86,8532,6
86,2433,9
86,3371,10
86,172,5
86,5516,8
86,3460,7
86,6277,6
86,5090,7
86,4348,7
87,7987,7
87,7424,8
87,8485,8
87,3379,8
87,8203,7
87,8382,10
87,8335,7
87,9055,6
87,3926,8
87,7180,9
87,4147,5
87,8472,6
87,7966,5
87,4045,6
87,3463,6
87,6903,7
87,3039,5
87,8891,10
87,7105,6
87,9257,7
87,313,5
87,947,5
87,5360,8
88,1254,9
88,2952,8
88,4702,8
88,4131,10
88,1475,10
88,6072,8
88,3688,9
88,4176,10
88,6474,8
88,1082,7
88,8329,8
89,1799,7
89,6827,7
89,4912,6
89,5011,9
89,7961,9
89,102,9
89,1629,10
89,5169,6
89,6474,10
89,3688,7
89,3089,10
89,8683,7
89,880,6
89,5437,9
89,2679,10
90,9328,6
90,8673,7
90,2479,10
90,7201,6
90,4702,7
90,280,7
90,2768,8
90,169,7
90,8203,6
90,5184,6
90,8683,9
90,5778,6
90,1799,8
90,9027,10
90,9914,6
90,368,10
90,573,6
90,8039,8
90,3688,8
91,776,5
91,4948,9
91,140,7
91,10024,8
91,6827,6
91,5317,6
91,1799,6
91,5038,9
91,3297,7
91,8485,9
91,2190,9
91,3688,7
91,3890,10
91,6474,8
91,6854,7
91,432,9
91,5433,9
91,2199,9
91,70,10
91,9509,8
91,8606,6
91,9936,9
91,3829,8
91,470,5
91,7559,10
91,8321,8
91,5544,5
92,10100,4
92,870,7
92,1540,4
92,4032,9
92,5278,4
92,9323,6
92,4184,8
92,3740,10
92,7969,10
92,6438,6
92,6773,4
92,6474,5
92,8315,9
92,6827,7
92,5317,10
92,4504,7
92,5451,5
92,9636,10
92,8485,10
92,5113,10
92,3688,6
92,1669,7
92,9614,5
92,586,5
92,2679,5
92,98,4
92,7519,5
92,4700,9
92,10034,9
92,9027,8
92,3212,10
92,8673,5
93,3688,5
93,10161,9
93,40,6
93,8673,9
93,4687,9
93,4634,5
93,5264,10
93,4199,7
93,1842,8
93,79,5
93,3032,6
93,947,5
93,7307,10
93,8683,10
93,5462,9
93,32,9
93,4700,9
93,3224,8
93,9764,6
93,761,10
93,4947,10
93,7519,5
93,9956,6
93,8050,6
93,472,6
93,10045,8
93,9992,8
93,7220,7
93,173,7
93,1799,7
94,3423,5
94,8513,4
94,9375,10
94,4634,5
94,5544,6
94,9636,5
94,1799,7
94,8683,8
94,7061,8
94,2693,5
94,4032,7
94,8141,7
94,776,7
94,4467,6
94,7315,6
94,947,4
94,10140,9
94,4856,5
94,1884,5
94,3688,5
94,8485,8
94,8050,10
94,5279,7
94,9583,7
94,3938,10
94,7212,4
94,4163,8
94,5317,8
94,8172,6
94,432,8
94,9704,10
94,4850,9
94,4707,9
94,5487,7
94,2166,4
94,4700,8
95,604,8
95,432,8
95,8673,7
95,8485,9
95,5317,6
95,79,8
95,7220,8
95,4080,6
95,9027,6
95,8382,10
95,8403,9
95,2989,8
95,8683,7
95,7645,9
95,4032,7
95,7201,10
95,3333,9
95,4966,6
96,8203,6
96,8819,7
96,7663,9
96,1799,6
96,8485,8
96,2168,6
96,1552,8
96,6827,6
96,7201,10
96,4348,6
96,8235,10
96,4612,8
96,8237,7
96,8074,6
96,8329,7
96,4620,8
96,3560,6
96,3688,8
96,3932,8
96,4199,10
97,10115,10
97,4700,9
97,8683,5
97,9513,6
97,5544,9
97,4288,6
97,9027,10
97,4634,8
97,3297,10
97,8485,6
97,9694,8
97,234,9
97,3688,5
97,8590,9
97,3463,10
97,7623,6
97,4886,6
97,10148,8
97,7061,6
97,3423,5
97,9865,8
97,4683,8
97,2199,8
97,604,6
97,7721,9
97,1699,5
97,9015,5
97,1196,9
97,633,9
98,1250,5
98,6082,5
98,7142,5
98,776,5
98,9947,8
98,4713,7
98,8673,7
98,5437,9
98,3423,9
98,173,5
98,2199,9
98,9795,10
98,7635,7
98,3624,6
98,5307,8
98,5494,9
98,5113,9
98,3710,8
98,4199,9
98,2098,10
98,6897,7
98,2509,8
98,8485,9
98,7519,5
98,2649,10
98,3905,6
98,2808,5
98,3688,7
99,5182,9
99,8683,5
99,7220,10
99,1971,8
99,9066,9
99,3199,7
99,5317,5
99,2157,5
99,1294,7
99,9027,5
99,3068,7
99,3333,4
99,4504,5
99,1009,10
99,10034,5
99,2402,4
99,8863,6
99,10163,8
99,9956,7
99,8485,7
99,424,8
99,8673,10
99,4538,10
99,814,6
99,4445,4
99,9018,5
99,3673,4
99,2695,4
99,4968,4
99,7201,7
99,7721,6
99,7584,6
99,2143,10
99,4850,6
100,9315,7
100,8203,10
100,4348,10
100,2212,9
100,7210,8
100,102,8
100,3688,8
100,5891,10
100,79,8
100,5317,10
100,4400,10
100,8192,8
100,5437,8
101,3463,6
101,5184,8
101,6013,6
101,7220,10
101,9015,6
101,9956,10
101,2572,7
101,5746,9
101,776,8
101,3688,8
101,8203,9
101,8485,6
101,5317,9
101,6641,9
101,9732,8
101,2982,10
102,9027,8
102,5327,8
102,1432,9
102,3067,7
102,2084,9
102,2915,9
102,7796,8
102,5113,7
102,6913,10
103,102,7
103,947,10
103,9431,10
103,1475,7
103,92,8
103,776,8
103,7455,10
103,8958,10
103,4687,9
103,5141,9
103,5230,7
103,7534,7
103,1593,7
103,9027,7
103,780,10
103,4322,9
103,3688,6
103,5317,10
103,432,9
103,5821,10
104,4519,6
104,9027,7
104,3784,9
104,2228,8
104,8357,10
104,9315,7
104,4422,8
104,102,7
104,6969,10
104,432,7
104,3299,7
104,9956,8
104,1250,9
104,6474,6
104,3688,6
104,1698,6
104,7721,10
104,9688,7
105,4700,8
105,8050,7
105,8683,10
105,9027,8
105,1799,8
105,7819,6
105,6827,7
105,7220,8
105,776,9
105,3688,6
105,4397,6
105,10068,6
105,166,6
105,4147,6
105,8203,9
105,6167,7
105,8485,8
106,7061,9
106,79,7
106,9830,10
106,9636,8
106,9914,9
106,2679,7
106,9315,9
106,1860,8
107,6952,6
107,9956,9
107,947,9
107,5033,5
107,8683,6
107,5433,10
107,9554,5
107,10098,8
107,141,6
107,1550,5
107,3068,8
107,8510,10
107,7018,6
107,8725,8
107,7468,8
107,7243,7
107,7721,6
107,6474,8
107,2876,9
107,9027,7
107,5317,9
107,5578,5
107,1418,5
107,5544,9
107,8203,9
107,5827,6
108,121,6
108,8673,7
108,9622,7
108,5784,8
108,10140,10
108,687,7
108,102,9
108,9315,10
108,7476,9
108,8793,8
108,1801,10
108,2199,5
108,1812,7
108,9275,8
108,6827,10
108,1250,8
108,2135,10
108,7068,7
108,2366,7
108,2954,8
108,8683,8
108,6150,6
108,2783,8
108,776,5
108,744,5
108,3688,6
108,4199,5
108,8382,9
109,8680,7
109,8683,6
109,9327,9
109,1537,9
109,4348,9
109,1769,7
109,3560,8
109,6949,9
109,8449,7
109,5582,9
109,3801,10
109,3068,8
109,10133,8
109,5544,8
109,3688,6
109,6619,7
110,7807,8
110,8485,9
110,9027,10
110,6341,9
110,5317,8
110,9492,8
110,4504,8
110,1250,10
110,5433,8
110,1475,9
110,8743,8
110,8203,6
110,9914,9
110,1831,9
110,8683,9
110,7742,7
110,7519,9
110,8403,8
110,2049,10
110,9956,6
111,3688,4
111,5317,5
111,4049,8
111,7519,10
111,8683,8
111,7379,8
111,5433,9
111,8725,10
111,9017,6
111,1695,5
111,6604,7
111,8673,10
111,8153,10
111,5844,5
111,7061,7
111,4504,4
111,7721,4
111,9468,9
111,3463,5
111,9015,5
111,6922,6
111,3423,8
111,4133,5
111,3068,9
111,9018,6
111,7448,9
111,8335,9
111,102,7
111,7318,6
111,4626,10
111,6477,9
111,3341,5
111,2194,4
111,9914,9
111,3082,10
112,8329,7
112,2855,9
112,4702,7
112,6636,9
112,3688,10
112,8203,6
112,9242,7
112,5317,8
112,2822,10
112,780,9
112,4874,9
112,3880,8
112,6827,7
112,9027,10
113,9654,7
113,6948,5
113,2960,8
113,757,10
113,2199,10
113,7332,5
113,3688,5
113,8691,6
113,4146,10
113,667,8
113,4348,10
113,9822,5
113,7341,6
113,4121,6
113,3423,9
113,1047,7
113,7846,9
113,405,10
113,8125,5
113,9027,9
113,432,9
113,1475,10
113,1211,5
113,5317,6
113,4504,8
113,3373,6
113,79,9
114,8050,8
114,3189,7
114,6051,4
114,8283,6
114,7455,6
114,4504,7
114,3688,6
114,9015,5
114,1111,7
114,1799,7
114,3161,9
114,6827,10
114,7721,10
114,9431,6
114,7201,5
114,3463,8
114,2381,7
114,3904,8
114,9914,4
114,5437,6
114,9027,5
114,2356,7
114,2606,8
114,1180,9
114,8174,8
114,3385,4
114,9636,6
114,1335,8
114,2585,5
114,9316,5
114,4761,9
114,1605,7
114,7660,8
114,21,10
115,9680,10
115,6998,8
115,8916,9
115,8485,10
115,7105,9
115,432,9
115,8308,9
115,6222,9
115,4537,9
116,5595,9
116,9744,9
116,4348,7
116,9607,9
116,85,9
116,1834,9
116,9027,10
116,5739,9
116,9364,8
117,8329,8
117,9914,10
117,5166,10
117,5317,8
117,1098,6
117,9622,8
117,79,8
117,3688,9
117,6142,6
117,7220,10
117,432,10
117,2088,6
117,3519,10
117,9027,8
118,3688,6
118,3836,7
118,6291,7
118,8485,7
118,3080,10
118,4850,7
118,1799,6
118,10034,9
118,4634,7
118,5389,9
118,10140,6
118,4435,9
118,4504,6
118,7050,10
118,1472,9
118,8357,10
118,5111,10
118,4948,7
118,1825,7
118,2071,8
118,5462,9
118,5317,10
119,10140,7
119,2932,7
119,1675,8
119,6187,10
119,4634,9
119,7721,8
119,6240,6
119,9764,8
119,2065,10
119,9818,7
119,4700,6
119,8725,6
119,5835,9
119,8809,8
120,6827,8
120,9744,7
120,8331,9
120,8716,10
120,5437,7
120,8485,10
120,4199,7
120,4118,10
120,5371,9
121,7812,9
121,4634,6
121,1315,6
121,3688,7
121,4850,10
121,5846,7
121,4962,7
121,359,9
121,2649,10
121,4032,7
121,8732,10
121,5317,10
121,4352,8
121,1997,9
121,6973,7
121,3297,7
121,8622,9
121,9176,10
121,7318,7
121,1049,6
122,4244,5
122,7455,8
122,1028,7
122,9868,7
122,9956,7
122,9027,8
122,3910,7
122,8203,8
122,7721,8
122,1799,10
122,10079,9
122,5317,9
122,7984,7
122,9015,9
122,3707,10
122,7318,9
122,264,9
122,2199,9
122,980,5
122,4288,6
122,2178,6
122,7511,5
122,5433,9
122,3297,5
122,8673,8
122,7201,10
123,3688,9
123,1801,8
123,6698,9
123,8673,9
123,9858,7
123,5437,6
123,6566,6
123,4868,10
123,8485,10
123,8729,9
123,8050,6
123,2808,8
123,3462,10
123,5271,8
123,947,10
123,6932,10
123,79,10
123,7061,10
123,468,6
124,6827,8
124,7455,8
124,721,10
124,9678,7
124,9367,10
124,10034,7
124,6626,9
124,1301,7
124,6835,10
124,4285,8
124,6949,9
124,6363,10
124,8485,10
125,5541,8
125,2633,7
125,8308,6
125,4571,9
125,693,5
125,8725,7
125,1109,5
125,294,5
125,8203,6
125,5110,7
125,3068,6
125,8485,10
125,1418,8
125,10148,5
125,79,7
125,8673,5
125,5317,9
125,2842,6
125,947,9
125,10034,6
125,8683,6
125,8990,8
125,62,9
125,2831,9
125,9890,10
125,432,8
125,3387,9
125,4850,9
126,6953,8
126,3297,10
126,4936,10
126,4702,6
126,6445,5
126,3550,10
126,371,8
126,8847,5
126,8485,6
126,4197,10
126,1832,10
126,2435,8
126,1029,9
126,79,8
126,7061,7
126,3182,10
126,1839,9
126,392,9
126,5033,8
126,6827,6
126,8692,6
126,8203,7
126,5317,7
126,5495,5
126,5859,8
126,537,10
126,3525,10
126,9015,8
126,7964,6
126,9838,10
126,8160,7
127,80,8
127,9943,9
127,200,9
127,9027,10
127,8683,8
127,6644,10
127,5588,9
127,7197,7
127,6908,10
127,9015,8
127,9956,9
127,9396,7
127,9885,8
128,6365,10
128,9345,8
128,8309,8
128,3688,9
128,5020,7
128,8485,10
128,6627,6
128,5669,10
128,8683,7
128,1859,6
128,5544,7
128,7987,6
128,3653,8
128,4199,8
128,1250,9
128,7721,9
129,65,9
129,7721,7
129,8183,10
129,6762,7
129,9934,8
129,400,7
129,8485,6
129,4199,9
129,3688,7
129,5544,6
129,7220,8
129,9914,8
129,3452,8
129,780,8
129,5961,7
129,263,8
130,10097,7
130,432,6
130,9161,7
130,8050,7
130,5184,6
130,3297,7
130,6581,7
130,7276,7
130,1799,10
130,840,10
130,2458,6
130,776,7
130,2276,8
130,4348,6
130,4029,6
130,9433,7
130,6864,8
130,5317,9
130,5004,6
130,1250,8
130,4199,8
130,5066,9
131,4889,7
131,4850,7
131,7455,7
131,9808,8
131,3688,10
131,1250,7
131,3297,9
131,6575,10
131,848,8
132,4348,8
132,5317,8
132,345,7
132,4198,8
132,3688,6
132,991,7
132,349,9
132,1047,7
132,8485,7
132,9956,8
132,8382,9
132,741,9
132,5751,8
132,4504,7
132,4742,9
133,2249,7
133,9914,9
133,9192,8
133,8419,4
133,8683,6
133,4700,7
133,9665,8
133,7201,9
133,3463,7
133,3688,8
133,9636,6
133,8371,7
133,5541,6
133,5696,9
133,190,9
133,9652,5
133,8203,7
133,8723,7
133,8940,7
133,8673,7
133,9613,5
133,8725,10
133,3785,10
133,3131,10
133,3075,6
133,291,8
133,8050,5
133,6508,7
133,6165,4
133,4973,5
133,9027,8
133,9932,6
133,8329,5
133,2199,9
134,8673,7
134,4704,5
134,8485,6
134,8743,6
134,9392,5
134,8403,10
134,4348,8
134,9636,10
134,8683,5
134,5544,10
134,5317,6
134,6474,8
134,4214,7
134,7201,5
134,2213,8
134,9441,8
134,5808,5
134,1984,8
134,4634,9
134,6394,10
134,10034,5
134,5328,8
134,7519,10
134,2589,8
134,3356,6
134,3201,6
134,3427,8
134,9015,8
134,65,9
134,687,6
134,7061,5
135,3423,6
135,6104,10
135,4972,6
135,2693,10
135,8673,10
135,3068,6
135,1265,9
135,9027,10
135,3011,6
135,4504,6
135,8725,8
135,4420,8
135,9803,6
135,7975,10
135,9015,8
135,385,9
135,8331,8
135,432,8
135,6130,6
135,4199,8
135,1799,7
136,6883,8
136,6678,9
136,2407,8
136,5020,9
136,8517,10
136,5541,9
136,5318,8
136,3630,8
137,4788,10
137,8729,8
137,5582,10
137,2157,10
137,6661,8
137,1591,8
137,3867,10
137,5796,6
137,1319,6
137,3434,7
137,9857,6
137,9195,9
137,3129,8
137,7820,8
137,8449,8
137,1501,8
137,3377,8
137,7061,6
137,6460,7
138,3300,10
138,7526,10
138,7318,9
138,6814,7
138,3538,9
138,5716,10
138,7754,7
138,2611,9
138,7491,9
138,5167,9
138,9793,8
138,2045,6
138,9017,6
138,7987,6
138,9082,10
138,6377,10
138,7802,7
138,7705,8
138,2535,7
138,6415,6
138,4612,9
138,1098,10
139,8977,7
139,9123,8
139,295,6
139,2977,8
139,6538,6
139,1115,10
139,9431,10
139,8236,7
139,173,7
139,5020,6
139,4226,7
139,780,9
139,7220,10
139,2176,6
139,9412,7
139,4310,6
139,1150,7
139,3823,9
139,6360,6
139,3429,8
139,1266,7
140,2389,7
140,7489,6
140,3606,4
140,8656,4
140,5033,4
140,4566,8
140,929,9
140,4331,4
140,2541,10
140,6223,10
140,10034,7
140,5202,4
140,4912,6
140,9973,5
140,7267,4
140,5518,9
140,1104,7
140,9550,6
140,4872,6
140,6690,5
140,785,6
140,7220,9
140,1867,8
140,1554,7
140,7999,8
140,6149,4
140,5111,4
140,6156,9
140,9347,8
140,9676,9
140,2868,7
140,8482,7
140,7653,10
140,3872,5
140,1686,8
140,9992,10
140,9512,8
141,3842,9
141,5521,8
141,9887,8
141,647,7
141,4702,10
141,3422,9
141,1958,8
141,1854,8
142,3688,10
142,2977,10
142,7462,9
142,3898,10
142,2305,10
142,2541,8
142,2199,9
142,6635,5
142,8277,7
142,352,5
142,5591,9
142,9246,8
142,6911,9
142,71,6
142,9164,6
142,9883,6
142,5431,6
142,517,5
142,7519,9
142,1349,7
142,6545,8
142,3667,8
142,4842,5
143,4371,8
143,7832,7
143,1451,10
143,3761,7
143,1116,8
143,5974,9
143,4341,9
143,932,8
143,5692,7
143,8938,7
143,4603,7
143,5945,10
144,9820,7
144,6674,6
144,6795,6
144,4032,6
144,2724,8
144,747,10
144,3068,4
144,9129,10
144,4999,9
144,3367,8
144,2795,10
144,4966,9
144,4276,8
144,4670,5
144,8704,6
144,2490,8
144,3855,6
144,7679,7
144,10148,8
144,5317,5
144,6488,4
144,9956,6
144,8432,6
144,8142,8
144,7061,4
144,9668,5
144,7843,6
144,8029,9
144,1431,5
144,9444,9
144,2153,8
144,7141,7
144,4912,7
144,5437,7
145,9636,9
145,7660,5
145,5541,10
145,4157,9
145,2977,8
145,4251,6
145,173,7
145,9962,9
145,4842,8
145,6377,10
145,3143,9
145,5051,10
145,1969,6
145,7224,5
145,803,8
145,746,6
145,3153,10
145,3016,8
145,6854,9
145,8518,9
145,5016,8
145,4133,7
145,8944,8
145,5544,5
145,8905,7
145,4435,5
145,6444,9
145,2130,10
145,7275,5
146,3297,6
146,2579,4
146,7220,6
146,1495,4
146,4954,5
146,298,8
146,8673,5
146,7288,8
146,8482,10
146,1727,4
146,5325,5
146,2936,4
146,3009,4
146,9550,8
146,3606,8
146,4788,8
146,5397,4
146,4776,5
146,2649,10
146,4702,8
146,5142,7
146,6907,5
146,8308,9
146,9772,8
146,7291,10
146,4276,4
146,3101,7
146,1161,5
146,9807,4
146,7721,8
146,2250,6
146,617,6
146,1554,5
146,1633,8
146,1940,6
146,6560,9
147,8700,8
147,4824,9
147,6940,7
147,6685,9
147,9195,9
147,8766,7
147,8188,10
147,3915,10
147,4842,10
147,9038,10
147,1605,10
148,1141,7
148,7094,7
148,5397,10
148,1813,10
148,1082,9
148,3375,8
148,8403,9
148,2389,7
148,4093,9
148,8689,8
148,165,8
148,2886,9
148,8129,9
149,8920,9
149,2153,8
149,3088,6
149,5042,6
149,2295,6
149,9562,8
149,3020,9
149,7870,7
149,218,10
149,8801,10
149,9512,7
149,3007,9
149,4314,6
149,6989,9
149,2977,8
149,2851,7
150,8019,8
150,776,6
150,5221,7
150,4634,6
150,5883,7
150,9431,7
150,4908,8
150,947,9
150,6816,10
150,8542,6
150,7905,8
150,3297,9
150,4755,10
150,7372,6
150,9708,6
151,2694,9
151,803,7
151,6595,10
151,5334,10
151,8717,6
151,10060,6
151,1799,8
151,5209,9
151,8233,9
151,9636,8
151,7391,7
151,3667,9
151,10034,8
151,7699,7
151,4918,10
151,3848,7
151,6231,8
151,1298,6
151,1603,6
151,5545,7
152,3005,7
152,3301,9
152,8725,7
152,377,7
152,5111,8
152,2210,6
152,1130,8
152,9762,6
152,7391,10
152,8596,6
152,3055,7
152,9825,10
152,2931,9
152,1388,10
152,6967,10
152,7832,8
152,2831,7
152,5503,9
152,3652,6
152,3805,7
152,3384,9
153,9397,7
153,5552,5
153,8382,6
153,8553,5
153,2831,8
153,573,5
153,1578,7
153,3241,10
153,1135,7
153,2199,5
153,4206,7
153,9637,7
153,7611,6
153,2336,7
153,4435,7
153,3068,5
153,1871,9
153,8050,6
153,8985,6
153,8129,5
153,1044,9
153,4657,8
153,1561,7
153,7267,5
153,2808,6
154,2757,8
154,9665,8
154,2992,9
154,8203,10
154,10039,6
154,8717,9
154,9521,9
154,9992,7
154,5976,8
154,6694,7
154,2210,6
154,3384,7
154,3244,10
154,141,7
154,2530,7
154,5716,7
154,10149,8
154,9956,10
154,3418,8
154,65,6
154,1263,10
154,3952,8
155,5606,9
155,4972,6
155,9963,9
155,8411,6
155,52,6
155,3229,7
155,3872,8
155,7986,8
155,5517,6
155,2808,7
155,9315,9
155,9708,6
155,6223,9
155,5878,10
155,9867,9
155,1633,9
155,5113,6
155,27,7
155,2744,8
156,3738,8
156,2011,9
156,3599,9
156,7310,8
156,6341,10
156,8233,8
156,8166,7
156,870,7
156,6231,9
157,2850,10
157,3919,5
157,7797,8
157,1474,5
157,5187,6
157,8661,5
157,871,9
157,6493,10
157,5443,9
157,2688,4
157,1570,10
157,1006,5
157,9809,8
157,8944,5
157,7777,10
157,4080,6
157,1250,6
157,1043,5
157,1097,8
157,6440,6
157,9632,9
157,9512,7
157,687,7
157,5481,6
157,2897,5
157,6149,7
157,1877,10
157,4657,6
157,2609,10
157,7544,5
157,6230,8
157,888,5
157,6537,7
158,1554,6
158,1785,10
158,6493,7
158,3915,6
158,4276,9
158,3508,10
158,3430,10
158,7712,10
158,4702,8
158,10060,8
158,3599,6
158,3068,8
158,5458,6
158,8400,9
158,2153,8
158,6827,10
158,6944,6
158,7903,8
158,2199,9
158,389,8
158,8467,7
158,9943,6
159,9027,10
159,173,7
159,9163,5
159,5989,9
159,1799,10
159,4303,6
159,7598,9
159,6949,5
159,795,10
159,3154,7
159,5289,7
159,4052,7
159,1172,5
159,4199,5
159,452,5
159,3529,7
159,3688,7
159,7289,5
159,1115,5
159,9017,8
159,1082,9
159,10140,10
159,4892,6
159,6892,8
159,4395,8
159,9904,6
160,9057,9
160,8793,6
160,3688,5
160,4770,5
160,10054,7
160,4132,7
160,9903,7
160,7312,9
160,1799,6
160,1804,5
160,6854,8
160,7061,10
160,8504,8
160,10117,8
160,4420,5
160,4199,10
160,5554,8
160,5437,5
160,5044,8
160,4661,9
160,2782,7
160,3068,6
160,3218,9
160,1580,7
160,400,8
160,6384,6
160,8050,5
161,7255,7
161,9027,7
161,8725,10
161,10123,9
161,1984,8
161,2949,5
161,8683,7
161,5437,5
161,7592,10
161,6474,8
161,2199,10
161,4565,9
161,5582,7
161,1772,9
161,1601,10
161,1799,8
161,7273,10
161,9654,10
161,1495,5
161,9123,6
161,5317,7
161,1250,5
161,5541,6
161,4850,10
161,1172,10
162,5300,8
162,7318,7
162,9665,6
162,7483,9
162,8400,8
162,152,7
162,8485,8
162,1045,7
162,8309,6
162,9764,8
162,4811,6
162,8725,10
162,3229,7
162,763,10
162,5498,10
162,3297,8
162,4160,8
162,4578,6
162,3845,8
162,5112,10
162,3545,10
163,1771,9
163,7888,8
163,55,7
163,7544,10
163,6949,6
163,4032,7
163,5317,10
163,7621,6
163,6305,8
163,10060,7
163,6997,6
163,9928,8
163,7362,8
163,7172,7
163,6162,9
163,1583,7
163,7841,8
164,9844,6
164,2524,5
164,9795,4
164,2831,8
164,5640,9
164,5735,8
164,818,6
164,4698,5
164,3688,7
164,4504,5
164,2170,6
164,6923,9
164,9027,5
164,9139,4
164,2901,9
164,8636,5
164,1196,6
164,8683,6
164,2952,8
164,5317,6
164,5128,5
164,3968,8
164,4749,9
164,3167,5
164,2860,10
164,3735,9
164,9057,5
164,5403,8
164,7462,9
164,6777,5
164,9340,10
164,9764,10
165,9914,10
165,8412,6
165,2949,6
165,8683,6
165,9626,10
165,4661,8
165,764,10
165,432,7
165,6072,9
165,3688,6
165,2834,10
165,8331,6
165,5113,6
165,6069,6
165,776,9
165,5317,9
165,7864,8
165,1167,6
165,10076,7
165,5098,7
165,3107,10
165,1092,6
165,3548,9
165,1516,5
165,9027,10
165,616,8
166,3688,9
166,9315,8
166,1529,9
166,1792,8
166,7220,10
166,2990,6
166,8080,8
166,5317,8
166,3855,7
166,5918,10
166,4702,5
166,7268,7
166,9171,4
166,10048,5
166,5541,5
166,602,4
166,3023,10
166,9027,4
166,3423,6
166,5544,5
166,8977,9
166,2913,10
166,53,9
166,6017,8
166,3013,4
166,5472,10
166,7318,9
166,8485,7
166,5462,5
166,6070,10
166,5643,7
166,4500,4
166,4973,6
166,8683,6
166,67,9
167,1052,10
167,1817,7
167,4753,9
167,7163,7
167,8175,7
167,4707,6
167,5872,8
167,7428,5
167,8158,9
167,9922,9
167,5677,10
167,9914,5
167,6834,9
167,2157,10
167,7312,5
167,3376,8
167,4963,9
167,6492,8
167,1099,9
167,4239,7
167,9805,5
167,4348,7
167,6949,9
167,10140,5
167,3297,8
167,5317,9
167,4266,10
167,8295,7
167,1109,5
167,4378,5
167,1988,5
168,9956,6
168,3996,9
168,7114,8
168,8485,10
168,1098,9
168,5317,10
168,4121,6
168,4064,10
168,5437,8
168,2679,5
168,7721,4
168,1082,7
168,8265,10
168,8420,6
168,2390,8
168,2383,7
168,7455,6
168,6173,9
168,243,8
168,8804,9
168,9073,7
168,9424,5
168,10034,6
168,173,10
168,7865,8
168,336,6
168,5261,7
168,424,4
168,6902,5
168,5619,8
168,5493,7
168,3688,9
168,1435,9
168,9016,5
168,4026,7
169,7125,6
169,5400,8
169,4504,9
169,2765,6
169,6846,8
169,6948,8
169,5317,7
169,1529,5
169,9942,5
169,4966,10
169,6192,8
169,368,7
169,7171,5
169,9966,8
169,8485,9
169,4036,4
169,9027,8
169,2403,8
169,4554,4
169,9993,6
169,2323,9
169,1292,5
169,4002,10
169,3688,7
169,9820,6
169,5186,5
169,586,9
169,2393,7
169,6795,4
169,5582,6
169,7029,5
169,9989,5
169,6551,6
169,5328,4
170,1799,9
170,931,6
170,9499,6
170,4032,7
170,4707,10
170,2990,7
170,3688,6
170,3463,10
170,5544,9
170,7220,6
170,8485,9
170,3051,10
170,3043,10
170,687,8
170,5640,9
170,9027,7
170,5741,7
170,4358,7
170,2230,7
170,4435,9
170,2679,7
170,4700,7
171,102,6
171,7140,7
171,932,9
171,3509,6
171,6829,4
171,2869,7
171,5494,10
171,7616,8
171,4113,5
171,164,10
171,10148,10
171,7657,4
171,5582,4
171,432,8
171,3750,4
171,663,9
171,4199,5
171,5159,9
171,1799,6
171,8743,6
171,7105,9
171,3769,9
171,3068,6
171,1631,6
171,8683,9
171,7201,6
171,6077,7
171,8206,6
171,4634,7
171,7721,4
171,173,6
171,876,7
171,5918,4
171,6182,6
171,5317,6
171,7305,6
171,8019,8
172,9076,5
172,4032,7
172,7590,8
172,8852,6
172,4011,5
172,8715,10
172,9213,6
172,5437,9
172,947,8
172,3815,7
172,6481,7
172,4702,8
172,7347,6
172,5317,10
172,9265,5
172,7928,7
172,32,9
172,9121,8
172,3688,7
172,8308,10
172,9301,9
172,1778,10
172,8274,5
172,1799,10
173,1176,7
173,8378,8
173,327,7
173,4213,6
173,8636,9
173,504,4
173,9082,4
173,3024,5
173,5582,10
173,9903,5
173,776,9
173,10131,8
173,7055,8
173,6509,4
173,9499,7
173,3688,10
173,5317,7
173,9027,4
173,7318,8
173,6633,5
173,9017,9
173,6241,9
173,2423,5
173,8050,6
173,604,9
173,1250,6
173,2321,7
173,8743,4
173,6414,6
173,4648,8
173,2045,8
173,3080,5
173,8939,5
173,368,8
173,9327,8
174,4613,5
174,1312,10
174,7163,7
174,7469,9
174,452,4
174,7985,8
174,7353,5
174,5314,4
174,5728,6
174,7446,4
174,9992,5
174,631,7
174,1779,6
174,7827,4
174,2171,4
174,2665,4
174,9436,8
174,4635,6
174,4310,5
174,4648,9
174,8006,10
174,6026,7
174,438,5
174,7696,8
174,6066,4
174,6039,8
174,4700,10
174,8180,4
174,2544,4
174,5545,4
174,7599,5
174,4902,4
174,9121,6
174,3297,5
174,8166,7
174,10140,10
174,6070,10
174,960,8
175,8206,9
175,9776,9
175,3437,10
175,5845,9
175,10117,10
175,8493,9
175,7374,7
175,8683,7
175,5848,7
175,5699,8
175,3491,8
175,1315,8
175,8589,8
176,8123,6
176,8084,4
176,9883,6
176,388,8
176,7318,7
176,932,6
176,7141,7
176,4361,6
176,7537,7
176,8692,8
176,9368,9
176,7309,10
176,8319,6
176,2403,10
176,4572,6
176,193,5
176,8969,7
176,8485,7
176,5033,10
176,1031,5
176,7913,8
176,4156,9
176,4274,5
176,7731,7
176,9764,6
176,4057,9
176,729,5
176,5333,7
176,1082,10
176,2488,8
176,6077,4
176,5530,5
177,1935,7
177,4192,7
177,9027,8
177,8683,10
177,2656,9
177,6105,9
177,6167,7
177,1010,9
177,7787,10
177,5541,10
177,3785,9
178,6195,6
178,3688,6
178,6644,8
178,7593,7
178,4504,10
178,6223,7
178,4513,10
178,5617,10
178,6974,7
178,9027,6
178,1801,7
178,4358,10
178,6411,9
178,6726,10
178,1810,6
178,5541,9
178,2428,9
178,7379,7
178,687,5
178,3518,7
178,10076,6
178,8349,8
178,9720,9
178,3265,6
178,5974,5
178,6998,6
178,3738,10
178,5025,7
179,3750,9
179,5848,7
179,4331,8
179,5816,10
179,3451,7
179,3688,6
179,2226,6
179,7179,5
179,1418,10
179,9689,10
179,8426,7
179,8375,5
179,9661,5
179,9499,6
179,5317,10
179,4348,7
179,1606,8
179,8683,10
179,1799,6
179,7562,9
179,2417,8
179,4645,10
179,9057,10
180,2831,8
180,170,9
180,4371,6
180,7862,8
180,3688,10
180,444,10
180,3009,9
180,6292,5
180,6066,10
180,432,10
180,9689,9
180,573,6
180,8683,5
180,3218,9
180,445,6
180,3596,5
180,8097,8
180,4747,6
180,6463,6
180,5425,5
180,4252,8
180,9906,6
180,6435,10
180,6307,7
180,8978,7
180,550,7
180,3080,10
181,8284,4
181,7584,4
181,4032,5
181,6554,8
181,2626,4
181,4197,6
181,10031,4
181,9795,6
181,7273,8
181,168,8
181,1435,9
181,2865,10
181,8969,8
181,5582,8
181,8965,6
181,8673,8
181,3653,8
181,4684,7
181,1034,9
181,5153,7
181,4839,6
181,8731,4
181,5328,6
181,8382,5
181,4397,9
181,7517,6
181,5317,9
181,2894,4
181,1174,5
181,7399,6
181,2569,7
181,7312,4
181,4199,8
181,3837,9
182,1331,6
182,4036,4
182,1475,4
182,8485,6
182,6666,4
182,9613,6
182,6829,8
182,2089,9
182,35,5
182,6746,5
182,841,5
182,8683,5
182,5653,8
182,444,10
182,8018,9
182,7275,5
182,1127,8
182,9800,5
182,10067,10
182,8454,4
182,8152,8
182,780,4
182,7480,7
182,1605,10
182,6973,8
182,8830,6
182,3735,5
182,2393,10
182,7122,8
182,6414,10
182,6403,6
182,5181,5
182,6464,5
182,1423,7
183,10097,8
183,5667,6
183,6467,10
183,5140,7
183,3045,7
183,8566,6
183,7133,10
183,2404,10
183,6145,10
183,9636,6
183,3188,8
183,10034,10
183,713,7
183,4504,8
183,9543,6
183,6474,9
184,6465,10
184,723,8
184,10097,9
184,5901,7
184,7297,9
184,400,10
184,7822,8
184,8636,10
184,4504,10
184,8485,9
184,7061,8
184,987,10
185,2364,6
185,8683,7
185,2899,8
185,1899,6
185,9172,9
185,4858,7
185,1345,10
185,6142,7
185,2702,10
185,3297,10
185,3022,5
185,6949,8
185,7352,6
185,4923,9
185,1850,8
185,8787,8
185,9315,9
185,5317,5
185,5033,6
185,5579,9
185,7453,7
185,9274,7
185,8485,8
186,2977,9
186,8975,7
186,4702,10
186,6668,8
186,9346,8
186,894,6
186,6913,9
186,8669,10
186,9956,6
186,9758,9
186,5784,6
186,7734,8
186,6659,6
186,1054,9
187,2307,7
187,3877,8
187,5653,8
187,9132,6
187,6846,8
187,79,8
187,6788,9
187,3688,5
187,733,10
187,10054,8
187,5317,7
187,2679,7
187,6019,5
187,268,9
187,2876,8
187,3458,4
187,1109,5
187,3074,5
187,9112,4
187,5582,5
187,7114,5
187,6122,7
187,7289,8
187,9609,4
187,5544,8
187,5941,9
187,1799,8
187,8724,9
187,10148,5
187,5541,8
187,9109,8
187,7341,6
187,563,4
187,1892,4
187,8485,6
188,5317,8
188,9027,8
188,5036,9
188,5640,10
188,2757,9
188,1832,8
188,1249,10
188,8087,9
188,7574,7
188,7968,6
188,5020,8
188,1082,7
188,7522,9
188,7273,9
188,3527,8
188,2011,8
188,2876,7
189,6270,7
189,7318,6
189,10092,9
189,2089,7
189,6474,7
189,8203,6
189,947,6
189,2160,8
189,5927,6
189,9552,8
189,9423,7
189,663,9
189,4199,9
189,8639,8
190,4628,4
190,7006,6
190,5317,6
190,7261,7
190,5927,7
190,1798,9
190,6949,8
190,5419,10
190,3780,9
190,7515,8
190,776,9
190,1475,4
190,954,6
190,3297,10
190,1082,10
190,3094,8
190,851,8
190,9756,6
190,8683,4
190,5699,10
190,1529,7
190,5685,8
190,8369,5
190,3554,5
190,8400,9
190,8673,8
190,139,5
190,7721,5
190,8203,6
190,432,6
190,8540,9
190,2194,4
190,7061,7
191,8745,8
191,4509,8
191,5241,7
191,3229,8
191,5317,6
191,368,5
191,9027,7
191,2288,7
191,8489,10
191,5437,10
191,1706,6
191,9992,5
191,8432,8
191,5811,6
191,9583,8
191,3091,8
191,9808,7
191,8834,9
191,6915,5
191,164,7
191,200,8
191,8329,5
191,1785,9
191,7261,9
192,7469,10
192,5523,10
192,780,8
192,200,7
192,3463,6
192,7941,7
192,9622,9
192,9942,7
192,881,9
192,9046,6
192,1805,9
192,7399,6
192,8683,10
192,8004,7
192,5308,9
192,7072,10
192,1385,9
192,4312,6
192,6223,10
192,4199,9
193,6309,4
193,9554,7
193,10009,9
193,8067,4
193,10099,5
193,9759,4
193,3688,9
193,7318,7
193,9123,7
193,5512,10
193,6299,10
193,776,10
193,7982,10
193,8203,7
193,2235,7
193,2323,4
193,9046,8
193,5925,5
193,7127,10
193,9903,4
193,10078,9
193,7282,7
193,6738,4
193,576,5
193,67,10
193,1089,4
193,7284,5
193,3432,6
193,2808,8
193,1529,7
193,5741,10
193,246,10
193,4032,5
194,8316,9
194,9955,6
194,5297,10
194,9942,6
194,5242,6
194,2529,7
194,579,5
194,10034,9
194,5317,8
194,8855,9
194,9027,6
194,6633,10
194,2088,10
194,8683,7
194,3688,4
194,8614,5
194,5863,5
194,7556,9
194,5462,7
194,8462,4
194,4397,6
194,3423,10
194,5226,9
194,7202,5
194,432,7
194,6474,9
194,10148,10
194,2383,6
194,1568,10
194,9228,5
194,9544,8
194,2653,7
194,8692,7
194,3005,9
195,164,5
195,2625,5
195,5101,6
195,9776,10
195,7220,8
195,5512,4
195,5226,7
195,7105,5
195,7295,9
195,5317,5
195,6274,10
195,9103,8
195,4774,7
195,5972,10
195,1799,4
195,9491,6
195,8969,9
195,8050,5
195,2066,5
195,8403,4
195,7006,8
195,7448,6
195,2694,7
195,7948,4
195,4449,9
195,4613,4
195,5371,9
195,8329,5
195,231,9
195,9294,6
195,7055,8
195,1007,6
195,604,6
195,5544,5
196,5036,8
196,7372,7
196,9566,10
196,5433,8
196,3554,8
196,7755,8
196,5317,6
196,8050,7
196,6993,10
196,4397,7
196,9275,10
196,798,7
196,8993,8
196,4800,9
196,2509,6
196,9421,9
196,3402,9
196,2416,7
196,6644,8
197,8769,10
197,3509,4
197,2679,8
197,686,10
197,5335,5
197,3688,4
197,50,9
197,9721,7
197,9992,6
197,6827,10
197,1622,7
197,6789,5
197,5317,10
197,6060,9
197,4757,7
197,1193,8
197,79,7
197,190,10
197,3463,10
197,10163,10
197,780,4
197,6232,9
197,9444,9
197,4737,8
197,274,4
197,7694,4
197,7145,8
197,4480,5
197,5117,4
197,7201,10
197,7578,7
197,7710,7
197,8485,10
198,10097,9
198,606,6
198,1475,8
198,5898,7
198,4963,5
198,5428,9
198,4460,7
198,8203,10
198,2199,9
198,9826,9
198,6421,10
198,3688,8
198,2497,7
198,9499,4
198,7389,5
198,6178,4
198,8278,8
198,10034,6
198,3463,5
198,9015,7
198,1740,10
198,364,7
198,8105,6
198,5437,8
198,8485,8
198,9987,7
198,2872,9
198,9027,7
198,5751,8
198,317,9
198,6568,9
198,7172,7
198,444,8
199,6605,9
199,5226,8
199,1868,8
199,6757,7
199,9561,8
199,5942,7
199,8050,9
199,3721,7
199,9010,8
199,3747,6
199,2215,9
199,3767,7
199,9421,10
199,7486,6
199,1802,6
200,7123,7
200,6148,6
200,1377,9
200,2856,6
200,3297,9
200,8725,10
200,8050,8
200,1825,7
200,3688,10
200,8374,8
200,2101,6
200,9091,8
200,2859,9
200,6014,6
200,1132,6
200,2243,7
200,9773,6
200,8023,8
200,6982,9
200,3867,8
201,7983,5
201,6252,6
201,6598,9
201,5317,10
201,9121,7
201,7061,10
201,6876,6
201,6298,7
201,3688,10
201,7387,8
201,4405,6
201,6070,5
201,2633,5
201,2679,7
201,3780,5
201,1588,5
201,2767,7
201,3628,10
201,3463,8
201,8485,9
201,6982,7
201,7519,7
201,432,7
201,10034,5
201,4252,7
201,7568,8
